file_name,relative_path,size_bytes,file_sha256,text_sha256,pages,characters,average_characters_per_page,likely_scanned,extraction_status,error,duplicate_type,duplicate_of,canonical_document_id,file_hash_repetitions,text_hash_repetitions
000000001_hurricane-playbook.pdf,data\documents\osha\000000001_hurricane-playbook.pdf,1123052,312d240b9ea62744cf5cca4a260b3ca15fd2b4f9f13be7162453629f0aa380fa,167a13bc29de6cf7fbbc6a42bb6852e93b3c92d4d188cef9da98aa5b4c1e54b2,22,49562,2252.82,False,ok,,,,5efd32353bcec7d1,8,8
000000024_1507.pdf,data\documents\osha\000000024_1507.pdf,610192,cd18209b1e24c25a4866a4e2b385cc8f7e68376e99bdf0d363332bf3f38002d8,ef647d30640acd14c3af239e76e489e647d0af7958748a7f9234af35bfba7389,1,3774,3774.0,False,ok,,,,e02fac8b1de2a154,2,2
000000024_1507s.pdf,data\documents\osha\000000024_1507s.pdf,603968,7b611121bdf479cbcee1442906434bee2373d9550fd9f62a227213fb541de5db,e587c7a1e95a57cbeb8c566e2bf271830c7bb6740a8099518aea2a2aed8c5873,1,4329,4329.0,False,ok,,,,1e081f6ff6627a34,2,2
000000024_20190530HIOSH-Poster.pdf,data\documents\osha\000000024_20190530HIOSH-Poster.pdf,93184,bfd42f33e2f646be615f8e7171a3adc17eaaf0763fe4f4bfa20f3d0d6a971ad4,0f54e472651d5297ac9597db09f7b9a891f6397ff26495632b945af29a09b891,1,3286,3286.0,False,ok,,,,0d9d0780dde66e64,2,2
000000024_Job-Safety-Posters-English-August-2021.pdf,data\documents\osha\000000024_Job-Safety-Posters-English-August-2021.pdf,232158,6bb0f3b147bea662616c6a6a8d8e63f0db3ef60f867df09aecf451534ecea199,9e33b1630f60fc830e5a650f099771e4c4499572d89078f94dc35e29becb59fd,1,7050,7050.0,False,ok,,,,d4ce5ea92f80d393,2,2
000000024_Job-Safety-Posters-Spanish-August-2021.pdf,data\documents\osha\000000024_Job-Safety-Posters-Spanish-August-2021.pdf,240258,87ab881173bd109b781260137fca3974701d4d24af1d3fe9c04b050a2a37788b,ed74700378833c92e080acdba6bfdbb412bca963e97b5c9777f5b1326e602036,1,7986,7986.0,False,ok,,,,5212d25b3c8edbe7,2,2
000000024_mnosha_poster.pdf,data\documents\osha\000000024_mnosha_poster.pdf,229247,e13ac9d7c35319a4c75850f20cd810f6448c66268c5225088aa2d68e80fd1c52,5846a88942c7aa399781db146246b9b659702014bb650bcede8866bbce000906,1,3773,3773.0,False,ok,,,,96b18cb2ca287e42,2,2
000000024_mnosha_poster_spanish.pdf,data\documents\osha\000000024_mnosha_poster_spanish.pdf,200407,e98479f63f27b2f7a924ec4226fd40fabf2796d443e922e34700268f59f7e89d,571e2899a06fa9cab1f774a28b154d8a7cf98f25b4847d9fe1868fc7e22c2d60,1,4354,4354.0,False,ok,,,,15b7f9a62f04e0e9,2,2
000000024_moshposterspanish.pdf,data\documents\osha\000000024_moshposterspanish.pdf,202033,fb98c40ce4d98ffd276adf7e1b1e1248c5454f9714a9e702bd2e5e9d394be594,e73ee2541c985e8f7125139676b65ff22958a393588335f65ca4b582f7bf4812,1,2319,2319.0,False,ok,,,,592e4bda2f6dca98,2,2
000000024_moshprivatesectorposter.pdf,data\documents\osha\000000024_moshprivatesectorposter.pdf,460306,c1d6b0ae783f6ebc13294e676ab780034b0543ee8024314339c6334b33626ccc,3457c28544ad91744c52b40fcf97ef430b0bdfc01f4f64aaace95195fb6363ed,1,5579,5579.0,False,ok,,,,f4275c44a7fd5012,2,2
000000024_moshpublicsectorposter.pdf,data\documents\osha\000000024_moshpublicsectorposter.pdf,470422,1928c5aab3741a4eb0b8a02ead6275736b0158870ca715ebfc3d236efdc8075a,e7b4fc91ac74efe436d1849a1bcb4c29f73b5942dcab26677056f77681e189af,1,5505,5505.0,False,ok,,,,17916096ee464624,2,2
000000024_NV20OSHA20Poster20-20Engish20(1-22)(1).pdf,data\documents\osha\000000024_NV20OSHA20Poster20-20Engish20(1-22)(1).pdf,48089,ced2a41c694d2da30558b45fbe2c21a0e855bd5ab5a705b194e5cd801de04933,cefd91170f1813fd923481407e4642479909a8e373deec812fcf0c909d6bc2a8,1,5551,5551.0,False,ok,,,,8f8cf3dcf44afbf4,2,2
000000024_OCCUPATIONAL20SAFETY20AND20HEALTH20REGULATIONS_English.pdf,data\documents\osha\000000024_OCCUPATIONAL20SAFETY20AND20HEALTH20REGULATIONS_English.pdf,59266,ed848e0ca169e389407374739ae7dcc4827ac34a1d85f02d28c10b2e6c3492a9,ca5f87267b1765fb816fcccf957d6cad5a246983ce511d0dc047b93f80acb46b,1,3026,3026.0,False,ok,,,,61eb64b273583d08,2,2
000000024_OCCUPATIONAL20SAFETY20AND20HEALTH20REGULATIONS_Spanish.pdf,data\documents\osha\000000024_OCCUPATIONAL20SAFETY20AND20HEALTH20REGULATIONS_Spanish.pdf,76266,6ef26da2228a51d7df2aa231b2c59f68e2ccbbcd62dcd5a2fa994782aead5649,50e3f5a96560270d475ac63d8bff2c53356843c461c1681e8cee15661564d39c,1,3579,3579.0,False,ok,,,,d29fc4849c03d18b,2,2
000000024_right-to-know.pdf,data\documents\osha\000000024_right-to-know.pdf,216652,ca95c663dc9128dccd271cf63e44fcd92f4a69fee56a1e9ffdc1957c8918f7e7,a01123a472fbaeca881009c3e0a229f9c8b9d7c53d7fb5fa6fed0816422fb154,1,7830,7830.0,False,ok,,,,d7bb650db2cf6c13,2,2
000000024_shpstreng012000.pdf,data\documents\osha\000000024_shpstreng012000.pdf,180460,28c3d836b7570c6e4bf12a5f566ca8e8fe5f0f781327a221ec612d69dc84dd9d,d15d4db3c03883bbb42c957547754069c710c4d8620be886185f5c838535e62f,1,12122,12122.0,False,ok,,,,03bb74a2189ed2e7,2,2
000000024_shpstrspanish012000.pdf,data\documents\osha\000000024_shpstrspanish012000.pdf,221909,e17a903ab3175d2915721566fc6ab9012187c19e1c5854859d6e1c72f3b12600,b79de20593dfab9375521b3af6ffb62a9386ccf911a1f25739ab544f70737260,1,13768,13768.0,False,ok,,,,35b071bdf6c7cbe1,2,2
000000024_Spanish_Poster.pdf,data\documents\osha\000000024_Spanish_Poster.pdf,66655,69f27d85faf9f8d002cf230fb7d9a8811dbe5721919e58ed7c63562dfa82d496,43fa0c40eb370568b6e201e491d0eab1c844064a40752f0736379ef83e9b7468,1,7675,7675.0,False,ok,,,,a9d07ddf16e6ff16,2,2
000000024_uoshaPoster.pdf,data\documents\osha\000000024_uoshaPoster.pdf,144193,d00fbcd73f1e505e6e2e6ff97f56e98ad4fb115c1d76c3f72fc94fa8d6d03cc1,cd87ea9d85d8766e5c6a93e6ffb5160aba577f4ae07e83d385b3732024538db4,1,5469,5469.0,False,ok,,,,f8e80b8f1d12c300,2,2
000000024_uoshaPosterSpan.pdf,data\documents\osha\000000024_uoshaPosterSpan.pdf,117068,34d1f8d721c2a78826613664b26ea9a64c1d8374408caedf011e9a731dc75810,48b0e1f7cc54dbb43a8df2deaee6afd415e80890336707b943ccd6386ef6bda7,1,5879,5879.0,False,ok,,,,0add688ecbfe9f75,2,2
000000024_VIDOSHLegalNotice.pdf,data\documents\osha\000000024_VIDOSHLegalNotice.pdf,313434,41c9d7c4a35fad52a21fb918a6f7550bf2feb3a0749a22dabe99d5571a2d1463,3de776e56a6a4a21981f601f1e3ee5bc63fc925beba3de95a41f0b92ef83e4e3,2,22297,11148.5,False,ok,,,,f28393a4a50918ba,2,2
000000024_wps35.pdf,data\documents\osha\000000024_wps35.pdf,684288,a5905aa5dba656fd62e2a5f4ec91150db999974216fa59c5bf192796bf5f043d,3392eead3ce8a7b98a15e45011e9caf6521d00e7d2309b5ba8214f64636c3760,1,2708,2708.0,False,ok,,,,9df2a24b86b68176,2,2
000000072_2021-13266.pdf,data\documents\osha\000000072_2021-13266.pdf,176357,4b130e2a22f3e1a10ebcc5fd21555de9f5c422b4c30f5681950b0f7c11c7bae9,320dc9e771125d70b67e0be4d76b36ccb5c1c6f322e7015bfeb07893b8330c7e,1,6230,6230.0,False,ok,,,,a9e4851d58a9ea69,3,3
000000072_2021-13267.pdf,data\documents\osha\000000072_2021-13267.pdf,188239,a7e03b9f80efb2ba38000e73f2888d786e1f7f43edad0bbc5874178b5a9d5d7e,280ef5846f4246eb3e8c689aea85f3ca50ae3516abaed9061d51c1015823a2a9,2,12606,6303.0,False,ok,,,,f208096e5aa669fa,3,3
000000090_2024-20808.pdf,data\documents\osha\000000090_2024-20808.pdf,222844,94abce1937d0fb2f5557f9972d43bd8e4ed19177f88fc53848c9684dad215301,3a06a0c68d4f84c3540c97f44a285909f5267d96fcaac2d219e7bdc76b9d557d,2,13723,6861.5,False,ok,,,,3e5c43a5c5d43b21,2,2
000000105_2013-157.pdf,data\documents\osha\000000105_2013-157.pdf,299392,997dbdfbfa1d88d3e81d62f299a0417734343fae4761315c3e0e774b4e40d5e7,fe48b055b95ea27e40a875360eca784bd51b1aa01efa60eba5952abd95a1d3f4,7,17110,2444.29,False,ok,,,,1fbf6c6583feecc4,2,2
000000105_active_shooter_booklet.pdf,data\documents\osha\000000105_active_shooter_booklet.pdf,1008180,c823497479deccf89317e89034cd91502305494da60ad13f4cb6f7dfec11665b,28c1f635e948ed21aa334ab99d8d4aadd97dbf824a4718e041a4801175243b13,13,14670,1128.46,False,ok,,,,c30ced99bcf33a7e,2,2
000000105_amoe.pdf,data\documents\osha\000000105_amoe.pdf,1749892,8f719ce7ee9aa18c9b063c518775a1bb073e074f9d3f50b29cfcb5bd3081111c,ca16979b305ec9da62dfea45a114a9a4522c58cba202cda41bfe1895c75dbf3d,18,29388,1632.67,False,ok,,,,1c79a8c487127427,2,2
000000105_fema453.pdf,data\documents\osha\000000105_fema453.pdf,12670420,794e4d0e890408aa7bf2679dee3b8f22ccd1db6ef5d1321e8081e10d4e820c73,94f81f0d45f6dc787e8a3eac553ae44cf433d8448c8d47ec42928583e5284705,264,390361,1478.64,False,ok,,,,ae69f9af19cbdb14,2,2
000000105_fema_nrf_support-annex_worker-safety.pdf,data\documents\osha\000000105_fema_nrf_support-annex_worker-safety.pdf,79786,8bb56e5f82934d92fcf07d37c1c40d8d9ac080f9577e363d1717721cbff803ee,3b203e78060c18d18cc5c9ebf2d439ceebf413ab2a9decb9ff70773e5675c34a,8,22715,2839.38,False,ok,,,,4d8ce2a7bcdbd865,2,2
000000105_ndrf.pdf,data\documents\osha\000000105_ndrf.pdf,11053762,a888109851916475b0eb3a7ae09ccfecf60072a33293e29e593d7303d471cfc9,2c01d10d24a702efbf634160a289db6adaa420499df96a652f791d58956b9bc8,116,234131,2018.37,False,ok,,,,075ccc314935009f,2,2
000000105_shelterinplace.pdf,data\documents\osha\000000105_shelterinplace.pdf,87784,fb0113597873ea3de03d6b2bce7029e6b3fbf1f51eaf3c3e638bd9724d6d84d4,50ffc81a5712ba59239478bc8de92d25ab055621a1f31a594620a80f32b22d01,2,10347,5173.5,False,ok,,,,75fb513c11884ce3,2,2
000000114_USCODE-2011-title18-partI-chap40.pdf,data\documents\osha\000000114_USCODE-2011-title18-partI-chap40.pdf,301628,26f5b65356ed362275947c30208e91c1cd64ff2877e9dbbb5ce405a5d33e5b68,40b162da2c6d742674b236a0a86ba86f83c30b33ca8afe85192a97a143e6820c,15,101107,6740.47,False,ok,,,,bad62a22ecb32cec,4,4
000000124_CFR-2004-title40-vol26-part311.pdf,data\documents\osha\000000124_CFR-2004-title40-vol26-part311.pdf,190638,ac34975cd9daf1a3f06d560fbb5d44c93f91b9618a7b94715c3e2072a44fe292,2a42ff77c48164234e45a05a14ec835b3cea5bd9d26a7042a316423c846f1842,2,4217,2108.5,False,ok,,,,7c15706825f8e57a,6,6
000000142_11_02_21_jointsafteyaltert_chemicalwarehouse_final.pdf,data\documents\osha\000000142_11_02_21_jointsafteyaltert_chemicalwarehouse_final.pdf,381397,da97d639d8e498aa886d1c682a92b14b53e8694e2232a2f1fc215127d6f425bf,7a96128cf0a54a24b74b9d97553511007fa139c7aacf9e68849723981c5d2b02,5,16385,3277.0,False,ok,,,,0beb90ce14b70889,6,6
000000142_2011-0131-3221.pdf,data\documents\osha\000000142_2011-0131-3221.pdf,1324525,08c244f000489a6e7a1751a1724bc9eff443f35fadd4db4f7d7d137ddb6a6728,c5a774bf5ffc6fe5909498b25f228fadcff687c1d77fd8fde79644b4caa35fba,38,81541,2145.82,False,ok,,,,de04659fa9af0e11,6,6
000000160_AllianceRecommendationForFitTesting_Final.pdf,data\documents\osha\000000160_AllianceRecommendationForFitTesting_Final.pdf,45883,d838d8dd64d466924e91c5a12372de6b49d5ae4dea7e06b6bbcc6c14cc9afab0,8e86dbd93af4bfde4c9ba55b9f752b51da8701a333052fe30763e4a7e9a7414c,3,7957,2652.33,False,ok,,,,3ea3e902af6fcbd3,3,3
000000176_BeHeatSmartMediaToolkit_June2023.pdf,data\documents\osha\000000176_BeHeatSmartMediaToolkit_June2023.pdf,865517,903b210ca37d8867469b271ff4635694b742e5ad35bad0ae50312aea2e8c74ac,a5feaa3dba226b511ebc972cf3b5ad0eda7e6457d89f22409266539bac2b2e78,16,20341,1271.31,False,ok,,,,508a315f79d18a39,3,3
000000204_EQ_preparedness_mitigation_guidance_state_offices.pdf,data\documents\osha\000000204_EQ_preparedness_mitigation_guidance_state_offices.pdf,1867997,a2e739fe314af071246dc7c81de4f24bc0fb1bb7a5cd39c7f1da30b1f61b1237,5cf15dea005ed86353337eb61a9d9b7f1903808507301a844f2aac44872f4da1,46,45558,990.39,False,ok,,,,b0869f64fc63bd5f,2,2
000000204_ShakeOutDrillManualBusinesses_v2.pdf,data\documents\osha\000000204_ShakeOutDrillManualBusinesses_v2.pdf,216509,f0af8ab6ba948e24991e3efb77065304d860ccb503ec0cb59e1e09830e9d0daf,ee81575c8f1c5013767ac2ecbc64518b6a0a4e3aa9a5b75c580447c2e567e368,11,34189,3108.09,False,ok,,,,bd2bf82d755e0d6d,2,2
000000204_SIM3325_sheet6.pdf,data\documents\osha\000000204_SIM3325_sheet6.pdf,10650858,208adab6a27f1f809ed7a5ba0f27d94ab7683c13a7d85fa13f6db819b2a7db16,fbd3f6b763540219d2cbf6372d645f37f2c3df7ea27dac0703eb1bdba796b432,1,6315,6315.0,False,ok,,,,269e279cf4d91886,2,2
000000210_Sanitation-Handout-SPANISH.pdf,data\documents\osha\000000210_Sanitation-Handout-SPANISH.pdf,216086,59323b7d853070058529d336be973a13e49649842d805266e33d6b34c24c39ed,74509681e67bd9e2ca626d8ab22893df6d3763915907feea9dddb6f65df7f9af,2,4679,2339.5,False,ok,,,,8cf7048060197605,2,2
000000210_Sanitation_Handout_for_Employees.pdf,data\documents\osha\000000210_Sanitation_Handout_for_Employees.pdf,343199,74c1a174018e2ae3566351c398d099eaa722c9b95b6213fe78e5238bd63b92d4,bb30e156dcd7029a868ec69fdfed5e38618f31b05d3e808a07632c0c829c7b23,2,3975,1987.5,False,ok,,,,7abcd63b79a85559,2,2
000000248_attachment_1.pdf,data\documents\osha\000000248_attachment_1.pdf,4413541,238c1e6fd6dd24083e12aec98111d12dcc4ff11bf6c5fe1b6756dbc5c0305e6f,f0910e3dfc1220161e9d0aa46a926200ec1b3afe4d3f2d5f1cb552f573a14df1,272,420917,1547.49,False,ok,,,,64947a4afbb4b121,2,2
000000248_attachment_10.pdf,data\documents\osha\000000248_attachment_10.pdf,4939118,a7792e8e936392d5e989b4e6064394821be280c5ce7874a6a9a35cf17734493a,56a8c45dce0d428741f4cf68df3305a054b33d37c41caa8d02d25681756f2753,294,460270,1565.54,False,ok,,,,0d7b5cf523f02a51,2,2
000000248_attachment_11.pdf,data\documents\osha\000000248_attachment_11.pdf,4858914,651102e38befff42428ed322beec8822bf88949193cd392eb0005a3ecaab40b1,03a2b67a099a7c5a064ec87a20b50af6dfa3b396bf3f84e566fc387d883717bb,285,445095,1561.74,False,ok,,,,7bd6b555a3a5f5b7,2,2
000000248_attachment_12.pdf,data\documents\osha\000000248_attachment_12.pdf,4745232,9f34621e7e72c6b0ab5fbe0e84c5612b41b8a776d9c2059d8065144bc45a8824,c9902a18eb243bfb44f7ba6ed1a81766ae99fddf3774f494533da7cee457a15e,276,431401,1563.05,False,ok,,,,92453adeb04c90f0,2,2
000000248_attachment_2.pdf,data\documents\osha\000000248_attachment_2.pdf,4824115,1221246386a94f025aec0c0cf526a9b4b7497070a15df8da5e52ebbd9db1ac94,417b35da76a5a92b2727d2f7057c0162b474df2191ed0cab46fb0e1c3b3a436c,296,461254,1558.29,False,ok,,,,0c7dce7f597dc82e,2,2
000000248_attachment_3.pdf,data\documents\osha\000000248_attachment_3.pdf,1573911,ba9e2a3b1770b10d5f360938aedc527112115c2ddbde211ecb157b93f911cb4b,fe323828db509f7ff9668a286e1ec73467083260dd08214e61ac889a27190e71,360,567124,1575.34,False,ok,,,,0f96964ab4db539d,2,2
000000248_attachment_4.pdf,data\documents\osha\000000248_attachment_4.pdf,5774587,44aa485f331b0babe1677a7ca44ac9cd3c5685b3ffc4a42e47d5e13fb9e89c1f,03bc5093781b760856ef260605c70b07196338d82d312c6d3ad71f39471f4974,359,565029,1573.9,False,ok,,,,e0e9c26269b8a037,2,2
000000248_attachment_5.pdf,data\documents\osha\000000248_attachment_5.pdf,6542581,4ed3a0732bafbb1abfe5e1ce3e90e3eb8d5f46570f6d6253adfa0c79ad72c84d,2de2a8adc6df9b87f63c07aab14748808e76a148c58fe14da20d542e8b68c624,416,646478,1554.03,False,ok,,,,13414184c5fbf185,2,2
000000248_attachment_6.pdf,data\documents\osha\000000248_attachment_6.pdf,6135244,f020c44d7e356f0d77f923ecf00444b5864f8c60b41555f654b4d3c208a6defb,6b7da14225e354de862494d96384ad3b3f217167743db4bc1335e070ca1634ce,381,596151,1564.7,False,ok,,,,3130c813539cad76,2,2
000000248_attachment_7.pdf,data\documents\osha\000000248_attachment_7.pdf,6517618,25c6ef63c3d849c1000ef7ce87da61504702cc14db1b0057b9393a316a221622,1200e76149969e33bdf23100842b8c64e84fa6430644e45b03444f4a32c6c846,411,645321,1570.12,False,ok,,,,3f53ef372b49c8eb,2,2
000000248_attachment_8.pdf,data\documents\osha\000000248_attachment_8.pdf,6085277,6c5aad406c99fa45f0f663a0ba65d973c8fdcd82a06e16a5e7f09c5129e5289f,8e5242a4ba045d0564c0e0132c8fdc4abbbf7ba73a3cac3affec75d30fa75aa5,364,575794,1581.85,False,ok,,,,c21db5bc505fd6fc,2,2
000000248_attachment_9.pdf,data\documents\osha\000000248_attachment_9.pdf,5880842,c0ce344a80c2d1a86fbe40bfc86a0933c423f3c912c7cc0465068e5cf8df4721,2606a73755be44cc312bcbdc4cf07030235a477efbbf378faa1679125db75e3f,366,575800,1573.22,False,ok,,,,503064bcad696143,2,2
000000251_2024-08568.pdf,data\documents\osha\000000251_2024-08568.pdf,73135195,96639757ae3bc4b1234543a13b174c4466455f6fbd6d92c472196ffe71c7157f,26de2c8d6907120b9edae70a4e33358d0cdfc5249f5ae1e4f0ead6266ae799a3,318,1625691,5112.24,False,ok,,,,5b92da53f6481eee,2,2
000000373_TemporaryWorkersFAQs.pdf,data\documents\osha\000000373_TemporaryWorkersFAQs.pdf,271229,6617750cf07e921bd671d168d5629a8945a535e9421da8d8297e6ad7abf4a929,ba3d52584d560a30a647a896efd286b380738d9feac255d14fb4219e5ed2add0,8,16246,2030.75,False,ok,,,,8f5b7f0e0758b550,7,7
000000376_2011-107.pdf,data\documents\osha\000000376_2011-107.pdf,690080,8ad16b6aa002f0f5a96e9aa2bc1bb7062a05c22aa77b4c7a0908d9af7c11f971,8d19ffb8d2f72c3d881ae6ac67114f3222207a9ff46fa7f86cf5f4025a155651,28,79278,2831.36,False,ok,,,,1aa2478bd31e0712,2,2
000000376_2020-10678.pdf,data\documents\osha\000000376_2020-10678.pdf,438183,5cc6f3aaf20a47295f56dd7eb7985a8acca8396c554ff238038285f77788f5e4,abfb39bcb4f5677d279199a25ea3b51100820bbb2245aeb996f1414bc9337347,47,351781,7484.7,False,ok,,,,810180481cc0eb9b,2,2
000000376_2020-18017.pdf,data\documents\osha\000000376_2020-18017.pdf,721231,b57ae1d37f36b8675f9565d4e13579f368bff5c283dcfdf4fd5ff30cd143dae0,a453246da630eed8eb4a3c68024d7d0e9819826ffbc8f628ad0212f52da3deec,90,659273,7325.26,False,ok,,,,dee4e7dbdbb49616,2,2
000000425_2004-135.pdf,data\documents\osha\000000425_2004-135.pdf,2434169,88d3624c5e9c8f27e8f602cc6ce358d13dd7d8ca4391b0b31795af59fed4079c,127a1f761dd3fb605929e6e6a62405e3e774804184327097de670cb2023d9d84,36,26518,736.61,False,ok,,,,35e884e5e02d086e,2,2
000000425_CPWR_Safety_Culture_Final_Report_0.pdf,data\documents\osha\000000425_CPWR_Safety_Culture_Final_Report_0.pdf,596758,705c7c8bcd1da02c8e180bd27b397716d5acd79babad88d469a128fc3ae191b6,50f73ed918b35013b9c52f8ff1cdc171df20ce052f71791fc1ea0b577e26e9c3,60,160350,2672.5,False,ok,,,,1410a6ae44adb4d0,2,2
000000425_ERGOVG-Toolkit_rev2011.pdf,data\documents\osha\000000425_ERGOVG-Toolkit_rev2011.pdf,335320,6208c9421f6e7e6492902621238b6203ba1e942b2128f64f67ecf60c42666695,718e432f5a4a0e92132f079b9ca8e470e0fcf64878600f638f589f4c7d6f130e,45,47519,1055.98,False,ok,,,,531aa023b0b37e9a,1,1
000000425_moc082801.pdf,data\documents\osha\000000425_moc082801.pdf,162819,520d290a2a1d6a8205ab61a751eb34f7f030a3d77f2f6fc4ca3d2e76184a2626,f88d6fc00b08540e778d401aef9e1e6cac943e8e08aa58f8bad19cb265c60435,8,23981,2997.62,False,ok,,,,5d3ca8f60f0d78b1,1,1
000000425_VPPMOCBestPractices.pdf,data\documents\osha\000000425_VPPMOCBestPractices.pdf,716876,6e7c1a2ef215e19d24865029eda5bcc8a4c57e9cdfc23cd016b8583488ebbaeb,4286bd93f9a990db7aa2617affb4ba33dc7dc470b3249e008ae82f2ae9a6c39b,3,6556,2185.33,False,ok,,,,619c0b6fadd45c2b,1,1
000000425_WP-PracticalGuidetoLI.pdf,data\documents\osha\000000425_WP-PracticalGuidetoLI.pdf,1804116,0daf7340d0bbfa898a257bf1acc8ba2a8073db77de6bcca691ad2b7c4f765ed7,bc185d3cf9cdb9e2deb42363fead807fa94c5ed367b20214dc43dbd401b27fb8,20,56788,2839.4,False,ok,,,,6dc8512224df021c,1,1
000000426_goals.pdf,data\documents\osha\000000426_goals.pdf,4750369,aa62c02c7e1e88c3570d04b81a3b29045bd3954fbbfa2a2e4baa5a3d39e3aa77,04ce405ce9252ef2f21d03599890f5e59f4990df39b15cc746ac899582e94ca7,37,10740,290.27,False,ok,,,,aff2bbff739657ae,1,1
